{
    "avg": [
        2.6436641216278076,
        75.40202331542969,
        -0.24015632271766663,
        0.012416845187544823,
        0.25147342681884766,
        1178.262939453125,
        0.14879898726940155,
        31.639976501464844,
        -23.41150665283203,
        -23.411029815673828,
        -23.410974502563477,
        -23.41339874267578
    ],
    "div": [
        4.0199737548828125,
        23.420547485351562,
        0.06819359958171844,
        0.11056908220052719,
        0.10713738203048706,
        952.6971435546875,
        0.08357857912778854,
        10.839189529418945,
        17.067108154296875,
        17.066944122314453,
        17.06691551208496,
        17.068117141723633
    ]
}