{
    "avg": [
        62.95000076293945
    ],
    "div": [
        91.69728088378906
    ]
}