{
    "avg": [
        64.05590057373047
    ],
    "div": [
        92.79751586914062
    ]
}