{
    "avg": [
        2.6442601680755615,
        75.39735412597656,
        -0.24017153680324554,
        0.01240476593375206,
        0.25149327516555786,
        1178.2589111328125,
        0.14877045154571533,
        31.63897705078125,
        -23.415481567382812,
        -23.415006637573242,
        -23.414953231811523,
        -23.417375564575195
    ],
    "div": [
        4.035622596740723,
        23.389339447021484,
        0.06829048693180084,
        0.11075492203235626,
        0.1073453277349472,
        954.8690185546875,
        0.08337895572185516,
        10.832365036010742,
        17.058307647705078,
        17.0582332611084,
        17.05820083618164,
        17.059160232543945
    ]
}