{
    "avg": [
        2.641993522644043,
        75.41740417480469,
        -0.24012836813926697,
        0.012343648821115494,
        0.25137850642204285,
        1178.8480224609375,
        0.14875388145446777,
        31.64300537109375,
        -23.41378402709961,
        -23.413311004638672,
        -23.41325569152832,
        -23.415679931640625
    ],
    "div": [
        4.010197639465332,
        23.40399169921875,
        0.0683504194021225,
        0.1107957661151886,
        0.10724608600139618,
        954.7984619140625,
        0.08341974020004272,
        10.84177017211914,
        17.0600528717041,
        17.0599365234375,
        17.059907913208008,
        17.060949325561523
    ]
}