{
    "avg": [
        2.644033908843994,
        75.3970718383789,
        -0.24019888043403625,
        0.012448351830244064,
        0.2515740692615509,
        1177.6942138671875,
        0.14878182113170624,
        31.641334533691406,
        -23.41582489013672,
        -23.415348052978516,
        -23.415292739868164,
        -23.417715072631836
    ],
    "div": [
        4.038730144500732,
        23.333629608154297,
        0.06838329136371613,
        0.1112949326634407,
        0.1074114590883255,
        958.28759765625,
        0.08336478471755981,
        10.81496810913086,
        17.052167892456055,
        17.051958084106445,
        17.05192756652832,
        17.053255081176758
    ]
}