{
    "avg": [
        63.46551513671875
    ],
    "div": [
        92.21257781982422
    ]
}