{
    "avg": [
        2.6476311683654785,
        75.36660766601562,
        -0.2402234673500061,
        0.012402663007378578,
        0.2515689730644226,
        1178.3594970703125,
        0.14868469536304474,
        31.63015365600586,
        -23.43277359008789,
        -23.43229866027832,
        -23.43224334716797,
        -23.43467140197754
    ],
    "div": [
        4.0668487548828125,
        23.441497802734375,
        0.06842489540576935,
        0.11115206778049469,
        0.10727691650390625,
        958.2381591796875,
        0.08347593992948532,
        10.821584701538086,
        17.04669952392578,
        17.046674728393555,
        17.04663848876953,
        17.047515869140625
    ]
}