{
    "avg": [
        66.08775329589844
    ],
    "div": [
        94.78900146484375
    ]
}