{
    "avg": [
        63.39132308959961
    ],
    "div": [
        91.63156127929688
    ]
}