{
    "avg": [
        2.643994092941284,
        75.40437316894531,
        -0.2401566356420517,
        0.012406563386321068,
        0.25149810314178467,
        1178.1588134765625,
        0.1488402932882309,
        31.639986038208008,
        -23.40338134765625,
        -23.402904510498047,
        -23.402854919433594,
        -23.405277252197266
    ],
    "div": [
        4.042463779449463,
        23.349090576171875,
        0.06823308765888214,
        0.11036275327205658,
        0.10767042636871338,
        952.7017822265625,
        0.08315019309520721,
        10.842517852783203,
        16.958560943603516,
        16.958515167236328,
        16.958499908447266,
        16.95912742614746
    ]
}